branch_id,first_name,last_name,email,phone,gender
1,Eloise,Konopelski,wledner@example.com,1-386-341-0065,M
2,Ashton,Erdman,myra.jerde@example.net,+1-469-804-8849,M
2,Kamren,Bergnaum,imani.tremblay@example.com,+1.731.529.4241,M
1,Zachariah,Goyette,telly.durgan@example.org,1-901-979-1009,F
1,Brooke,Rath,kayli.pfannerstill@example.org,"+1 (559) 363-5055",F
2,Juvenal,Feest,garret.herzog@example.org,+13195920109,F
2,Maya,Doyle,katarina60@example.org,313-528-7201,F
2,Laney,Weissnat,dickens.serenity@example.net,1-731-849-1740,F
2,Jarrod,Fritsch,harber.grady@example.com,218-695-3385,M
1,Bret,Jacobson,albert15@example.com,+1.440.635.6468,F
1,Simeon,Robel,bartoletti.hazle@example.org,713.473.1067,F
1,Anna,Huels,theron.howell@example.net,858.402.5779,M
2,Xavier,Ward,marjorie64@example.net,1-934-295-1413,M
2,Chyna,Kovacek,trey02@example.net,+1-234-260-7689,M
2,Dorris,Yundt,jacynthe50@example.net,"+1 (307) 626-0425",M
1,Florine,Rohan,mfeest@example.com,+1-563-470-2919,M
1,Ansel,O'Reilly,alicia.reichert@example.org,"(864) 595-9954",M
1,Lillian,Renner,rosella.sporer@example.org,1-276-206-9060,F
1,Meaghan,Ondricka,adell.kirlin@example.com,484-585-5752,M
1,Rocky,Abbott,jimmie.oconner@example.org,+16699825591,M
2,Magali,Sauer,sanford.crystel@example.net,1-463-583-5795,M
1,Tate,Boyle,leland11@example.com,+1.864.208.8422,F
2,Dagmar,Weissnat,clotilde45@example.com,1-727-269-2429,M
2,Melissa,Durgan,seth.wisoky@example.org,1-228-591-6138,M
1,Elsie,Bogan,ejacobson@example.com,567.288.4398,F
2,Rasheed,Walsh,kuphal.carolyn@example.net,+1-667-904-2005,M
1,Alessandra,Hyatt,langosh.neal@example.com,228.650.6049,F
1,Nettie,Parisian,edwin.schaden@example.org,857-738-9407,F
1,Alysson,Aufderhar,harry81@example.org,1-832-278-5643,F
2,Mohammed,Moen,evert.beahan@example.com,1-308-325-0616,M
2,Orin,Schumm,cathryn18@example.net,+1.808.828.4378,M
2,Chester,Simonis,schumm.clyde@example.org,+1-727-806-7181,F
1,Brown,Fay,agnes33@example.org,530-664-3774,M
2,Mustafa,Gottlieb,frederik11@example.com,+1-424-783-2093,F
2,Maurine,Witting,mustafa.langosh@example.net,"+1 (440) 440-5136",F
2,Genoveva,McGlynn,conn.olga@example.com,"(954) 597-8174",F
2,Ramona,Waters,emelia.heidenreich@example.com,1-361-728-0048,F
1,Kristofer,Wyman,bernhard.larissa@example.com,+1.469.776.4545,M
2,Mollie,Hackett,fred88@example.net,1-941-464-6116,F
1,Chance,Fadel,emmalee41@example.net,+1-267-451-8727,F
1,Bret,Murray,mraz.mervin@example.net,"(815) 282-6096",F
1,Janelle,Predovic,betsy87@example.net,+14425122364,F
1,Cecil,Torphy,hazel.klein@example.org,+1.731.396.1752,M
2,Roslyn,Cremin,nwest@example.net,973-380-9328,M
2,Orland,Roob,ruby34@example.net,270-451-4905,F
1,Ethan,Borer,pearlie00@example.org,820.256.5194,F
2,Ward,Herzog,alfredo42@example.com,"(940) 745-1692",F
2,Holden,Stehr,willow99@example.net,"(540) 513-2305",M
1,Muriel,Emmerich,rosemarie.beier@example.org,"(806) 876-4772",F
